1,bishi,男,,8783,945806,Wed Jun 24 14:06:54 2009,0000-09-19,,http://i0.hdslb.com/bfs/face/34c5b30a990c7ce4a809626d8153fa7895ec7b63.gif,2
2,碧诗,男,,182647,8896401,Wed Jun 24 14:16:45 2009,0000-09-19,上海市 浦东新区,http://i0.hdslb.com/bfs/face/6f3e8f3f7abd1ed4ff96508e79a583d0519f1b3c.jpg,29
16,荼荼丸,男,セルルック系萌系动画师 / 模型师 / 动画摄影 / 五毛特效 / TA / 3D里番技术总监 /,42604,1522258,Thu Jun 25 00:05:13 2009,0000-07-04,四川省 成都市,http://i0.hdslb.com/bfs/face/85e6a3031cf7102e5197a8ad450870f9c721ebd9.jpg,3
20,恶魔晓月曲,保密,合集停更,6396,2330487,Thu Jun 25 11:54:18 2009,0000-01-01,,http://i2.hdslb.com/bfs/face/9593775c427759f852eca55395342012d0a75567.jpg,9
68,hpkm4036,保密,,6243,3684832,Thu Jul  9 13:42:24 2009,0000-00-00,,http://i1.hdslb.com/bfs/face/756f7941e3473f286da087b44533b8e2c666f813.gif,9
75,丸子,男,关注一下丸子呗，说不定哪天就火了呢。微博：weibo.com/liangjwyu,80521,5778799,Thu Jul  9 15:47:27 2009,0000-07-13,贵州省 贵阳市,http://i2.hdslb.com/bfs/face/3ad90d135227e822fc939217b26191e2bff238c9.jpg,159
79,saber酱,女,个人微博：http://weibo.com/saberchanchan/,170205,73281191,Thu Jul  9 16:57:50 2009,0000-01-01,,http://i1.hdslb.com/bfs/face/69ff5f5fffa3429b11176b3d9643afcb54cdb84e.jpg,1035
97,投影消逝中,男,weibo.com/naimensoliton 今日の俺は紳士的だ,9615,18371828,Mon Jul 13 00:41:03 2009,0000-01-01,,http://i1.hdslb.com/bfs/face/763ea1a219cefd54a1cda11621d7fbdb363d0695.jpg,509
109,hank,男,因为有梦，所以更强。,59364,8946909,Mon Jul 13 11:10:00 2009,0000-01-01,上海市 上海市,http://i2.hdslb.com/bfs/face/e58453c264ba5196dc3da8ef9f4a0152e0e1f21c.jpg,43
125,黑暗有光,男,,40963,19319,Mon Jul 13 18:02:07 2009,0000-01-01,,http://i2.hdslb.com/bfs/face/4c1a895f98f9c5180db468d5436c82160265afd7.jpg,0
159,黄泉之水,男,细水长流。微博：www.weibo.com/Hunderwater,92531,17840686,Mon Jul 13 18:32:38 2009,0000-10-17,江苏省 连云港市,http://i2.hdslb.com/bfs/face/e97dc37d99b5d25fd5a3e22030ef85552d2617bc.jpg,254
395,温迪妮,女,weibo.com/coffeekizoku 微博求粉（滚来滚去）。【水】44583860。已婚！,65793,15096812,Mon Jul 13 21:56:14 2009,0000-06-06,北京市 朝阳区,http://i2.hdslb.com/bfs/face/fd2ec7ed2991c7d03006a6d60949ede4c0a8c628.jpg,377
608,晚香玉,女,用一点一滴的努力来打动你的心 (ヾ(´･ω･｀) weibo.com/nekohime,136328,19348139,Tue Jul 14 00:53:29 2009,0000-05-01,,http://i2.hdslb.com/bfs/face/846f8be5302745ab5e5f0e3d86b02089f380500c.jpg,89
629,真红の瞳,男,遇火重生 然後過著每天一次 有時兩次 有時很多次的生活,7603,4984948,Tue Jul 14 01:09:29 2009,0000-01-01,,http://i0.hdslb.com/bfs/face/b42144ce967d0c0d354082eb791d1a9f48ab87a9.jpg,96
704,Sephiroth,男,B键已扣，回不起了~weibo.com/numb2046,7650,2193817,Tue Jul 14 01:59:06 2009,0000-01-01,,http://i0.hdslb.com/bfs/face/66d6ede3c900f4458fdd99a8cd2ac849d55445dc.jpg,129
843,fontaine,男,从此之后我们就再也没见过up主。,11736,11305924,Tue Jul 14 07:33:10 2009,0000-01-01,,http://static.hdslb.com/images/member/noface.gif,770
